Matrix Size,Execution Time (ms)
400,16.909380
800,135.768200
1200,427.671000
1600,1553.856000
2000,2036.986000
2400,4911.774000
2800,7496.406000
3200,18910.680000
