Matrix Size,Execution Time (ms)
400,16.997220
800,135.412400
1200,427.195000
1600,1567.340000
2000,2047.830000
2400,4969.652000
2800,7562.492000
3200,19182.580000
